Bond Strength,Stopcock Mold Cavity Number,low_high_Tubing OD
10.14653301,6,-1
18.13780943,4,-1
12.57320465,4,-1
15.23347997,4,-1
9.390231242,6,-1
17.91038334,4,-1
18.29416187,4,-1
18.26987907,4,-1
9.649377461,6,-1
9.736619427,6,-1
21.97050164,4,1
20.59068878,6,1
22.3658743,4,1
16.64769216,6,1
21.6676012,4,1
20.81797158,4,1
21.98470429,4,1
18.99855403,6,1
20.45567387,6,1
19.6888991,6,1
